id,title,filtered_words_str,label
R129,New Report on Election,hand close live lot toward pressure. local check character american instead find career. security either cost reveal. experts discuss ongoing developments election.,REAL
R227,New Report on Climate Change,sit rest republican minute. perhaps adult improve car. analysis parent meet most. experts discuss ongoing developments climate change.,REAL
F231,Aliens Confirmed by Sources,baby color gun do. close issue eight example approach. none ground. — shocking claims aliens surface internet.,FAKE
R066,New Report on Policy,collection let four. usually amount job senior service mother chair. citizen company base military personal finally. experts discuss ongoing developments policy.,REAL
F095,Mind Control Confirmed by Sources,manager officer still sport. seem successful rest reduce. social top girl business expect. writer economic oil bit society. — shocking claims mind control surface internet.,FAKE
R174,New Report on Policy,decide turn design by. writer modern raise. better bring market difference bad. experts discuss ongoing developments policy.,REAL
R201,New Report on Public Health,top subject role film decision plant. defense around past occur piece watch result. former woman enter still measure book focus. resource nice bring movie measure space. experts discuss ongoing developments public health.,REAL
R072,New Report on Education,garden become happen image pay wide claim. experts discuss ongoing developments education.,REAL
R064,New Report on Research,example citizen quality hit. bring cell sit employee upon. someone game leader girl heart mission cut vote. experts discuss ongoing developments research.,REAL
F037,Miracle Drug Confirmed by Sources,argue customer think whether provide finally manager. — shocking claims miracle drug surface internet.,FAKE
R170,New Report on Technology Breakthrough,nature wide treatment practice necessary five teach her. teach many concern on. call history accept congress leave west. experts discuss ongoing developments technology breakthrough.,REAL
F110,Celebrity Scandal Confirmed by Sources,structure surface nature state form like law. individual night smile. nation growth factor style. central say cause huge. — shocking claims celebrity scandal surface internet.,FAKE
F048,Secret Cure Confirmed by Sources,yard street everybody goal paper poor. data road course vote. thing sense improve end situation play. — shocking claims secret cure surface internet.,FAKE
F082,Hoax Confirmed by Sources,right law street. significant black all. — shocking claims hoax surface internet.,FAKE
F187,Miracle Drug Confirmed by Sources,recognize onto question suggest man. tough hour care consider. station class lose open risk half choose. — shocking claims miracle drug surface internet.,FAKE
F027,Miracle Drug Confirmed by Sources,friend operation big although language agent air. receive interesting church. vote wear authority. — shocking claims miracle drug surface internet.,FAKE
F202,Hoax Confirmed by Sources,big hotel year meet able. practice everyone argue someone still. type science that. price lead person part wall line. — shocking claims hoax surface internet.,FAKE
F197,Secret Cure Confirmed by Sources,consider subject accept deep. seat eight son require sea finish worry yet. — shocking claims secret cure surface internet.,FAKE
R128,New Report on Climate Change,military light group mission. day sea window different. song sound still raise always matter off. experts discuss ongoing developments climate change.,REAL
F157,Government Cover-Up Confirmed by Sources,carry box continue generation interest. — shocking claims government cover-up surface internet.,FAKE
F117,Hoax Confirmed by Sources,man task remember similar seven new floor and. air onto scientist fire herself. seem full change bring in. — shocking claims hoax surface internet.,FAKE
F173,Secret Cure Confirmed by Sources,quickly cause pass. white ability behind other. loss bill describe tough sell. — shocking claims secret cure surface internet.,FAKE
F024,Aliens Confirmed by Sources,common early song peace success civil series. chance cultural window test baby citizen whatever. — shocking claims aliens surface internet.,FAKE
F096,Celebrity Scandal Confirmed by Sources,tough work already. full girl hundred laugh. heart light various fish. — shocking claims celebrity scandal surface internet.,FAKE
R247,New Report on Public Health,low fire whole sure case however. article real five drop federal. former trial build present professor manager. experts discuss ongoing developments public health.,REAL
F226,Government Cover-Up Confirmed by Sources,notice third consider deep federal. line class somebody sport. country ever control say her. another college wife carry floor. — shocking claims government cover-up surface internet.,FAKE
F100,Flat Earth Confirmed by Sources,particular purpose husband speech. without worker debate computer small. — shocking claims flat earth surface internet.,FAKE
F246,Government Cover-Up Confirmed by Sources,firm training kind. almost choice animal response other. tough positive bad policy quite. — shocking claims government cover-up surface internet.,FAKE
F183,Aliens Confirmed by Sources,truth recently anything ball likely keep. power enjoy politics nothing federal. likely officer organization beautiful feeling represent. — shocking claims aliens surface internet.,FAKE
R063,New Report on Policy,body quite language enough weight. task thus figure discussion. investment purpose another son detail. experts discuss ongoing developments policy.,REAL
R005,New Report on Election,commercial enjoy agreement physical rise choice. save according break wall behavior. teach wait worker save believe official line. experts discuss ongoing developments election.,REAL
R084,New Report on Election,campaign financial marriage method image low. agency get owner performance view good. affect discussion history. seem newspaper little response. experts discuss ongoing developments election.,REAL
R124,New Report on Education,whether result special fund upon. decade language fish player already. home play fact appear. experts discuss ongoing developments education.,REAL
R118,New Report on Research,senior need available rate way knowledge. mind table like people rock information series. experts discuss ongoing developments research.,REAL
F001,Aliens Confirmed by Sources,capital officer network fill area off. couple blue official operation. — shocking claims aliens surface internet.,FAKE
F007,Immortal Jellyfish Confirmed by Sources,stuff wide behind professional. fund might very. blue better create art laugh ten. — shocking claims immortal jellyfish surface internet.,FAKE
F046,Mind Control Confirmed by Sources,particularly machine generation scene partner development. claim radio alone blue because. — shocking claims mind control surface internet.,FAKE
R103,New Report on Research,usually attorney success sell election carry. two deal available certain serve. turn race run total another church. experts discuss ongoing developments research.,REAL
R037,New Report on Budget Report,fund school support anyone middle think. likely budget every offer. experts discuss ongoing developments budget report.,REAL
F193,Secret Cure Confirmed by Sources,bill everyone including wall way. compare strategy live fact. — shocking claims secret cure surface internet.,FAKE
R166,New Report on Election,possible third north run. experts discuss ongoing developments election.,REAL
F017,Immortal Jellyfish Confirmed by Sources,machine less song. talk simple enjoy page fact. — shocking claims immortal jellyfish surface internet.,FAKE
R008,New Report on Economic Growth,control professional star weight authority husband especially. nearly organization land side. speak six employee take message usually clearly. experts discuss ongoing developments economic growth.,REAL
F071,Celebrity Scandal Confirmed by Sources,fly great act lose industry work for. movie yeah pass want watch coach cold. — shocking claims celebrity scandal surface internet.,FAKE
F028,Mind Control Confirmed by Sources,member nearly market reality same. forget house school hotel fall. school realize character rather good various job we. — shocking claims mind control surface internet.,FAKE
F227,Immortal Jellyfish Confirmed by Sources,month data involve political pattern address. first church prevent property perhaps budget. — shocking claims immortal jellyfish surface internet.,FAKE
R200,New Report on Public Health,degree subject others dream. sit rather which. experts discuss ongoing developments public health.,REAL
R225,New Report on Climate Change,process resource draw forward sell lead chair. one along woman. almost never enough question chance. experts discuss ongoing developments climate change.,REAL
R062,New Report on Budget Report,nice along try heavy agree. fire together piece. foreign fund boy finally treat quickly. experts discuss ongoing developments budget report.,REAL
F033,Hoax Confirmed by Sources,everybody education give memory. republican effort news simply card turn film money. — shocking claims hoax surface internet.,FAKE
F012,Hoax Confirmed by Sources,computer add nice turn wife. production claim interest common film draw left indeed. vote enjoy consider control stuff painting able. — shocking claims hoax surface internet.,FAKE
R121,New Report on Research,face weight outside scientist talk. score catch fine education piece put. current help television. control network director suggest hot. experts discuss ongoing developments research.,REAL
F210,Aliens Confirmed by Sources,president foreign forward. table care red. nice control. — shocking claims aliens surface internet.,FAKE
F151,Hoax Confirmed by Sources,air bar support say president everyone old. — shocking claims hoax surface internet.,FAKE
F099,Secret Cure Confirmed by Sources,star nothing issue remain. notice run popular future something. cultural sometimes sound. — shocking claims secret cure surface internet.,FAKE
R090,New Report on Technology Breakthrough,call moment color such. door writer attack left hospital. better explain cell floor. experts discuss ongoing developments technology breakthrough.,REAL
R125,New Report on Budget Report,piece message pm treatment second ready health. maybe full may back. either skin guess product hotel page every. experts discuss ongoing developments budget report.,REAL
R091,New Report on Climate Change,believe leader fund debate daughter. experts discuss ongoing developments climate change.,REAL
R157,New Report on Climate Change,phone week sure project training listen art likely. one center hospital newspaper everything city. experts discuss ongoing developments climate change.,REAL
F098,Miracle Drug Confirmed by Sources,current speech sign local business. meeting run left fall alone race far according. — shocking claims miracle drug surface internet.,FAKE
F164,Immortal Jellyfish Confirmed by Sources,color like thus. front usually. miss bar structure serious answer administration born. — shocking claims immortal jellyfish surface internet.,FAKE
R050,New Report on Economic Growth,ground seven same. project fast major spend strong. experts discuss ongoing developments economic growth.,REAL
R249,New Report on Climate Change,baby force image. clearly shake daughter agreement age manager defense. experts discuss ongoing developments climate change.,REAL
R093,New Report on Election,blood change issue sort challenge yeah fund media. decade relationship actually. blood one sing. experts discuss ongoing developments election.,REAL
R131,New Report on Education,collection adult season. manager chance simply travel. interview page water give attorney during. experts discuss ongoing developments education.,REAL
F107,Flat Earth Confirmed by Sources,assume effect save owner floor. writer particular ten trip hold. hospital appear property page work. check situation goal avoid discuss treatment. — shocking claims flat earth surface internet.,FAKE
F153,Hoax Confirmed by Sources,future plant thing commercial purpose. month prevent film claim moment. — shocking claims hoax surface internet.,FAKE
F091,Flat Earth Confirmed by Sources,around tonight safe. return strong those. tonight region prevent candidate heavy. — shocking claims flat earth surface internet.,FAKE
R246,New Report on Economic Growth,second blood create consumer concern. parent store behind end he. experts discuss ongoing developments economic growth.,REAL
F004,Secret Cure Confirmed by Sources,save employee dark eight. pull number stuff apply so. everybody develop including able owner themselves. — shocking claims secret cure surface internet.,FAKE
F220,Celebrity Scandal Confirmed by Sources,better race measure north draw particular everyone. study mr year others music. medical vote receive one determine ask side. — shocking claims celebrity scandal surface internet.,FAKE
F121,Hoax Confirmed by Sources,office rock either others rise. perform future network. hard quickly something. — shocking claims hoax surface internet.,FAKE
F245,Mind Control Confirmed by Sources,person act perform property. probably floor others event always similar. trouble special week institution wife. — shocking claims mind control surface internet.,FAKE
R035,New Report on Climate Change,benefit part present similar. cut next ready green long. experts discuss ongoing developments climate change.,REAL
R024,New Report on Education,forget meeting concern. land health determine. room little season. experts discuss ongoing developments education.,REAL
F079,Miracle Drug Confirmed by Sources,race foot view begin much customer gas. air grow two indeed health. — shocking claims miracle drug surface internet.,FAKE
R094,New Report on Policy,improve group call stock break. second course consumer. experts discuss ongoing developments policy.,REAL
R040,New Report on Policy,drug authority successful risk travel picture officer. account skin prevent. experts discuss ongoing developments policy.,REAL
F170,Immortal Jellyfish Confirmed by Sources,great four heart. significant design huge. — shocking claims immortal jellyfish surface internet.,FAKE
F130,Immortal Jellyfish Confirmed by Sources,style expert finish. western vote minute level whose director director here. garden range group high mission. tell perform information other. — shocking claims immortal jellyfish surface internet.,FAKE
R085,New Report on Economic Growth,pressure challenge standard set series effort summer suggest. rather whatever everybody year. face realize audience each. check dream tv free enough. experts discuss ongoing developments economic growth.,REAL
R054,New Report on Budget Report,describe something hour provide responsibility add. something energy lose. experts discuss ongoing developments budget report.,REAL
R047,New Report on Technology Breakthrough,weight continue natural wide decade anything participant. newspaper eye local approach director drop. difficult machine lawyer join commercial event. experts discuss ongoing developments technology breakthrough.,REAL
R199,New Report on Economic Growth,give agent subject. student animal wait finish fine sing. experts discuss ongoing developments economic growth.,REAL
F062,Miracle Drug Confirmed by Sources,almost adult consider. move soon difficult use. — shocking claims miracle drug surface internet.,FAKE
R244,New Report on Technology Breakthrough,choice matter every community reveal base night. partner relationship probably. risk past keep keep player marriage. experts discuss ongoing developments technology breakthrough.,REAL
R107,New Report on Election,early pretty figure. able enjoy sense fight beautiful necessary will. experts discuss ongoing developments election.,REAL
F148,Aliens Confirmed by Sources,hand consider huge including. matter foreign take network mouth. — shocking claims aliens surface internet.,FAKE
F023,Mind Control Confirmed by Sources,door foot put recognize traditional. couple tv say partner staff condition. resource discussion toward should. — shocking claims mind control surface internet.,FAKE
R075,New Report on Budget Report,want task thus in. tax head record statement paper. actually recently artist debate despite. experts discuss ongoing developments budget report.,REAL
R220,New Report on Public Health,sit majority month people wrong last. recently college address foreign civil. soon serious recent ahead. experts discuss ongoing developments public health.,REAL
R099,New Report on Economic Growth,sense task late make look choice. various office treatment despite per. experts discuss ongoing developments economic growth.,REAL
F066,Flat Earth Confirmed by Sources,assume admit partner far share expert beautiful. rate sell international role change member station address. fear likely among keep new heart. — shocking claims flat earth surface internet.,FAKE
F060,Flat Earth Confirmed by Sources,ball show center worry contain article. security end agent part program. word table it. — shocking claims flat earth surface internet.,FAKE
F022,Government Cover-Up Confirmed by Sources,lawyer firm main seek ahead. seek food drop lot fast. voice loss pay close consumer. — shocking claims government cover-up surface internet.,FAKE
F127,Mind Control Confirmed by Sources,staff thus although structure suffer item. surface ever stock part identify assume. drop discussion world center. — shocking claims mind control surface internet.,FAKE
R212,New Report on Education,shake high magazine two wind quite near as. year simple name least. experts discuss ongoing developments education.,REAL
F119,Mind Control Confirmed by Sources,lay travel wrong trial clear father get. recently low fish road social development. — shocking claims mind control surface internet.,FAKE
F103,Hoax Confirmed by Sources,end building member call choose. carry man quality trial section control girl. — shocking claims hoax surface internet.,FAKE
F191,Mind Control Confirmed by Sources,certainly movie cold class. indicate car employee. — shocking claims mind control surface internet.,FAKE
F002,Mind Control Confirmed by Sources,involve increase determine program maybe. front far marriage industry official window. — shocking claims mind control surface internet.,FAKE
R155,New Report on Election,environmental cover final ago before. face people turn. available republican phone change agent. experts discuss ongoing developments election.,REAL
R006,New Report on Technology Breakthrough,hundred letter institution. music will. experts discuss ongoing developments technology breakthrough.,REAL
F086,Government Cover-Up Confirmed by Sources,determine eight customer. political girl practice ever cause accept from. marriage impact beautiful. — shocking claims government cover-up surface internet.,FAKE
R168,New Report on Election,send consumer mean long. manager someone fund reflect television. experts discuss ongoing developments election.,REAL
R077,New Report on Public Health,spring least hit before. operation apply hold room. condition production help. experts discuss ongoing developments public health.,REAL
F209,Hoax Confirmed by Sources,reality relationship start first move stand. piece tend country box suffer day real understand. shake reflect go budget bed sea others. — shocking claims hoax surface internet.,FAKE
R236,New Report on Public Health,media generation space skin truth whether. ball senior draw follow tell. experts discuss ongoing developments public health.,REAL
F186,Aliens Confirmed by Sources,expect shoulder break. direction nation wait call risk often. budget sister staff win environment put. — shocking claims aliens surface internet.,FAKE
R243,New Report on Public Health,trouble imagine make front discover. former hundred response wide. experts discuss ongoing developments public health.,REAL
F094,Immortal Jellyfish Confirmed by Sources,available television building project economy. scene model question alone parent. reflect appear take finish take system material force. — shocking claims immortal jellyfish surface internet.,FAKE
R032,New Report on Economic Growth,record discussion concern win memory adult least. experts discuss ongoing developments economic growth.,REAL
R033,New Report on Education,value improve style beautiful miss fine father. arrive including ball sound. experts discuss ongoing developments education.,REAL
R045,New Report on Technology Breakthrough,include star second. agreement member house fact catch purpose nor. management wear loss appear risk customer. store factor professional learn risk. experts discuss ongoing developments technology breakthrough.,REAL
R116,New Report on Education,thought mr author series must admit student. moment since already fall something explain. experts discuss ongoing developments education.,REAL
F056,Celebrity Scandal Confirmed by Sources,might live free. wind fire bar. watch get standard leave. — shocking claims celebrity scandal surface internet.,FAKE
R043,New Report on Policy,sing hear without any. experts discuss ongoing developments policy.,REAL
R145,New Report on Economic Growth,step little mouth. use general stage major analysis. see hour dog. outside fish easy run education. experts discuss ongoing developments economic growth.,REAL
F200,Secret Cure Confirmed by Sources,campaign believe see reality. beat according race political or. — shocking claims secret cure surface internet.,FAKE
F034,Celebrity Scandal Confirmed by Sources,need wish provide treatment book. pretty physical ability relationship kitchen different. — shocking claims celebrity scandal surface internet.,FAKE
F149,Secret Cure Confirmed by Sources,education leg idea debate. ground research mean among people catch. hundred world life firm north. — shocking claims secret cure surface internet.,FAKE
F051,Secret Cure Confirmed by Sources,discuss fact bank statement week method benefit. necessary grow foreign job relationship call baby how. — shocking claims secret cure surface internet.,FAKE
F089,Flat Earth Confirmed by Sources,nature seat kitchen government describe building. television officer wrong source west this. trial couple. — shocking claims flat earth surface internet.,FAKE
F135,Flat Earth Confirmed by Sources,show agent almost finish stuff. four sport cost read. — shocking claims flat earth surface internet.,FAKE
F088,Government Cover-Up Confirmed by Sources,body western increase area college first. teacher coach top assume network physical. — shocking claims government cover-up surface internet.,FAKE
R010,New Report on Election,physical seek town bad. experts discuss ongoing developments election.,REAL
R211,New Report on Policy,heavy business later son ability most. choice share third difficult everything. experts discuss ongoing developments policy.,REAL
F204,Miracle Drug Confirmed by Sources,special fact threat. defense son. — shocking claims miracle drug surface internet.,FAKE
F168,Miracle Drug Confirmed by Sources,mention north interview start instead nor. wrong compare foreign force think despite. must begin send director senior. sound son way over. — shocking claims miracle drug surface internet.,FAKE
R011,New Report on Public Health,arm think water listen cup really sit wrong. gun speech about. remain structure short. experts discuss ongoing developments public health.,REAL
R232,New Report on Climate Change,nation successful energy. check morning every language. huge sense agency option. experts discuss ongoing developments climate change.,REAL
R042,New Report on Public Health,protect smile culture. available note building instead prevent fast. experts discuss ongoing developments public health.,REAL
F182,Hoax Confirmed by Sources,resource particularly require college. wish science leave black value friend. — shocking claims hoax surface internet.,FAKE
F036,Miracle Drug Confirmed by Sources,old develop. issue start even congress generation. — shocking claims miracle drug surface internet.,FAKE
F068,Secret Cure Confirmed by Sources,easy student room hard sister none. usually capital important enjoy occur hand lay. current might affect one. — shocking claims secret cure surface internet.,FAKE
R015,New Report on Election,main use seat. eye six little beautiful pm civil. experts discuss ongoing developments election.,REAL
R147,New Report on Climate Change,lot score beat budget himself. realize rule test page. condition hear smile realize. sell move free camera degree. experts discuss ongoing developments climate change.,REAL
F198,Government Cover-Up Confirmed by Sources,grow wife hit situation. husband social bed often smile difference. sit enter personal condition director. group discussion dream leg skill standard. — shocking claims government cover-up surface internet.,FAKE
R081,New Report on Climate Change,air study sit large person suffer. suffer section moment table buy join. general old loss compare. experts discuss ongoing developments climate change.,REAL
F050,Aliens Confirmed by Sources,may always event recent study. gun social effect necessary shake short. — shocking claims aliens surface internet.,FAKE
F162,Celebrity Scandal Confirmed by Sources,local fine western response wife. role base part red begin risk decade. prevent movement over. — shocking claims celebrity scandal surface internet.,FAKE
R028,New Report on Technology Breakthrough,might sure teacher others child. trip office make offer manager daughter. wrong model less everything or. experts discuss ongoing developments technology breakthrough.,REAL
R195,New Report on Budget Report,plant hope beautiful appear. along short question open. experts discuss ongoing developments budget report.,REAL
F116,Aliens Confirmed by Sources,new truth national institution modern. best available key child detail actually. — shocking claims aliens surface internet.,FAKE
R018,New Report on Research,describe republican determine visit. local clear people point early follow. experts discuss ongoing developments research.,REAL
F073,Immortal Jellyfish Confirmed by Sources,simply level determine beat movement end director. case fall response detail. — shocking claims immortal jellyfish surface internet.,FAKE
F059,Miracle Drug Confirmed by Sources,impact style wrong glass around page eight commercial. wish likely wear bar deal central. bring beautiful amount practice. develop school recent new first. — shocking claims miracle drug surface internet.,FAKE
R078,New Report on Budget Report,dinner become think cell. fish learn member exactly significant year less hit. experts discuss ongoing developments budget report.,REAL
F216,Secret Cure Confirmed by Sources,side different dog test clear. glass education perform skin. — shocking claims secret cure surface internet.,FAKE
F206,Celebrity Scandal Confirmed by Sources,even beyond rest might instead thing size. right along film foreign perform big. — shocking claims celebrity scandal surface internet.,FAKE
R036,New Report on Research,cause agreement see money night rule budget economic. lot candidate responsibility politics. experts discuss ongoing developments research.,REAL
F104,Aliens Confirmed by Sources,lay throughout news even push western. letter vote culture example top young whose face. — shocking claims aliens surface internet.,FAKE
F000,Hoax Confirmed by Sources,rather appear central animal compare seem. — shocking claims hoax surface internet.,FAKE
R136,New Report on Education,along although door number season. particular experience sometimes case. experts discuss ongoing developments education.,REAL
F019,Immortal Jellyfish Confirmed by Sources,forward serve else usually might term. — shocking claims immortal jellyfish surface internet.,FAKE
R012,New Report on Technology Breakthrough,body kid next doctor college central teacher perform. either structure dog. experts discuss ongoing developments technology breakthrough.,REAL
R052,New Report on Education,mother thus form deep budget coach wait. entire admit. experts discuss ongoing developments education.,REAL
R123,New Report on Climate Change,discover force score responsibility film couple. discuss situation maybe american. experts discuss ongoing developments climate change.,REAL
F040,Government Cover-Up Confirmed by Sources,send current experience hard sing. little fish soldier pattern involve likely break. standard structure soldier hope. — shocking claims government cover-up surface internet.,FAKE
R160,New Report on Climate Change,however produce range visit mouth network. treat ago near interview. race charge movie boy. experts discuss ongoing developments climate change.,REAL
F067,Immortal Jellyfish Confirmed by Sources,face budget moment however. drop run film congress consumer. — shocking claims immortal jellyfish surface internet.,FAKE
R069,New Report on Research,century size difference world voice few. fear country wonder step. expect lot list ready per. experts discuss ongoing developments research.,REAL
F160,Mind Control Confirmed by Sources,wall attorney. address game get management interest method cell win. cup staff country magazine tax station town value. — shocking claims mind control surface internet.,FAKE
F053,Hoax Confirmed by Sources,remain say million late begin. student month threat recently material. cell light travel create. — shocking claims hoax surface internet.,FAKE
R074,New Report on Education,property check investment painting. rise group approach likely value street. experts discuss ongoing developments education.,REAL
R007,New Report on Election,bill family cold important phone team. season say ok wind also back. experts discuss ongoing developments election.,REAL
R119,New Report on Climate Change,recently bill. eye politics democrat decide what. experts discuss ongoing developments climate change.,REAL
R087,New Report on Budget Report,data deep. experts discuss ongoing developments budget report.,REAL
F145,Miracle Drug Confirmed by Sources,management get security mrs know stand pm begin. mrs study court alone democratic poor key. — shocking claims miracle drug surface internet.,FAKE
R065,New Report on Budget Report,son race accept thing employee whatever. assume thing mean western say this. eye grow stuff certain exactly member worry image. experts discuss ongoing developments budget report.,REAL
R208,New Report on Budget Report,unit college general goal. leg alone enough pm time already across. hundred action serve. experts discuss ongoing developments budget report.,REAL
R048,New Report on Budget Report,leave television budget operation easy. start administration lay war coach. seven knowledge pass break son field. experts discuss ongoing developments budget report.,REAL
F076,Aliens Confirmed by Sources,skin crime put majority month tv his. act science phone recent. example remember evening between. — shocking claims aliens surface internet.,FAKE
R019,New Report on Policy,serious live move. light huge approach experience quite police. face act since push resource. experts discuss ongoing developments policy.,REAL
F115,Immortal Jellyfish Confirmed by Sources,attorney month partner team lead i. per hard happy woman ago main. — shocking claims immortal jellyfish surface internet.,FAKE
R031,New Report on Education,become region phone ask theory heavy study. research front use indicate class left. decide body serious put much civil. experts discuss ongoing developments education.,REAL
R190,New Report on Research,compare share contain financial believe. deal open make sister win total. official population young. experts discuss ongoing developments research.,REAL
F057,Mind Control Confirmed by Sources,gun attack become. program six hundred body fly within never. — shocking claims mind control surface internet.,FAKE
F158,Immortal Jellyfish Confirmed by Sources,sense major car father culture husband. four unit put whatever paper stuff store. — shocking claims immortal jellyfish surface internet.,FAKE
F234,Flat Earth Confirmed by Sources,place. give leave whole continue team want. scientist avoid large anyone note. — shocking claims flat earth surface internet.,FAKE
F155,Flat Earth Confirmed by Sources,character consider class wear third. late wind approach build across describe rate. — shocking claims flat earth surface internet.,FAKE
F106,Flat Earth Confirmed by Sources,open positive meet standard. senior long cut yard international others begin. — shocking claims flat earth surface internet.,FAKE
R051,New Report on Policy,place today rich race film. example commercial scientist edge even. mission try specific entire suddenly. everything particular cold suffer. experts discuss ongoing developments policy.,REAL
R203,New Report on Education,enter watch reveal system. number series board worker put. experts discuss ongoing developments education.,REAL
F063,Secret Cure Confirmed by Sources,machine democrat. stay analysis color last. effort list property series. — shocking claims secret cure surface internet.,FAKE
R080,New Report on Policy,hot half method. experts discuss ongoing developments policy.,REAL
R226,New Report on Public Health,case government today think. offer less treat. environmental role old leg. experts discuss ongoing developments public health.,REAL
F144,Hoax Confirmed by Sources,key word short world thought show. treatment medical relate space. woman hit modern enough. — shocking claims hoax surface internet.,FAKE
F241,Flat Earth Confirmed by Sources,positive easy energy house mouth window. cut final paper pull. image loss. — shocking claims flat earth surface internet.,FAKE
R150,New Report on Election,collection finally put fear. win place cause class perhaps protect write need. experts discuss ongoing developments election.,REAL
R153,New Report on Research,wrong base together follow people treatment. push thousand heart mother understand. experts discuss ongoing developments research.,REAL
F175,Hoax Confirmed by Sources,president wait water tonight process. build country education fear leave wife. choice image enjoy activity someone food front. — shocking claims hoax surface internet.,FAKE
F161,Immortal Jellyfish Confirmed by Sources,approach challenge trial foreign child mouth point probably. field result author agent pull state live. — shocking claims immortal jellyfish surface internet.,FAKE
F147,Secret Cure Confirmed by Sources,choice child finish tree. condition test laugh. major remain yard strategy term somebody bring. — shocking claims secret cure surface internet.,FAKE
F018,Secret Cure Confirmed by Sources,appear source cultural along offer. feeling scene network begin bed successful impact. — shocking claims secret cure surface internet.,FAKE
F211,Celebrity Scandal Confirmed by Sources,present agree evening suffer garden. hot gas news pay. — shocking claims celebrity scandal surface internet.,FAKE
R117,New Report on Research,management challenge pretty short book throw eat turn. pressure agency feel who. experts discuss ongoing developments research.,REAL
F016,Aliens Confirmed by Sources,begin without year. bill natural rock face material campaign economy class. — shocking claims aliens surface internet.,FAKE
F029,Flat Earth Confirmed by Sources,join reality worker feeling front deal. near class approach. always eat store everyone physical. wrong past citizen close situation result question. — shocking claims flat earth surface internet.,FAKE
F205,Celebrity Scandal Confirmed by Sources,central card guy produce including move. despite visit leader. nation fast five. — shocking claims celebrity scandal surface internet.,FAKE
R112,New Report on Economic Growth,spend paper professional report hotel leg. attention how. third fire majority administration figure year from. environmental manage foot allow. experts discuss ongoing developments economic growth.,REAL
F218,Government Cover-Up Confirmed by Sources,guy run reduce plan health heart. land rest deal main sense parent. — shocking claims government cover-up surface internet.,FAKE
R187,New Report on Education,happen cover bill dream also discuss production raise. push like maintain total. name type trade far success respond wait. experts discuss ongoing developments education.,REAL
F087,Celebrity Scandal Confirmed by Sources,everything soldier audience professional dinner second. third measure physical detail around camera current. one well church minute memory effect. — shocking claims celebrity scandal surface internet.,FAKE
R171,New Report on Education,process vote meeting adult clearly tree. experts discuss ongoing developments education.,REAL
R113,New Report on Technology Breakthrough,special page cover police away. cut sport reach get. thought author million travel their. experts discuss ongoing developments technology breakthrough.,REAL
R222,New Report on Public Health,somebody marriage ground. serious range great site. experts discuss ongoing developments public health.,REAL
F233,Secret Cure Confirmed by Sources,newspaper opportunity discussion sense add special. face southern four sister hour. rule yes body yet high end way. — shocking claims secret cure surface internet.,FAKE
R223,New Report on Climate Change,new hope baby television major. job partner generation answer. experts discuss ongoing developments climate change.,REAL
F224,Secret Cure Confirmed by Sources,possible sister wish travel term above. believe spend change congress. — shocking claims secret cure surface internet.,FAKE
R181,New Report on Climate Change,stay short information. make school difference east. tv benefit truth little low piece. experts discuss ongoing developments climate change.,REAL
R056,New Report on Public Health,rise receive per chance accept. crime laugh ahead. officer long trial agency prepare common. dark front break perhaps time officer wrong institution. experts discuss ongoing developments public health.,REAL
R110,New Report on Education,century talk certain thank leader long. across value major speak provide ten above. experts discuss ongoing developments education.,REAL
R219,New Report on Education,national daughter example case us. central course class middle although break. building wonder pull main meet company believe. experts discuss ongoing developments education.,REAL
R224,New Report on Education,animal hot soon bed describe west. interest experience sing. experts discuss ongoing developments education.,REAL
F178,Immortal Jellyfish Confirmed by Sources,fish contain view ahead ten such. — shocking claims immortal jellyfish surface internet.,FAKE
F074,Secret Cure Confirmed by Sources,hotel difference policy agency forward. still imagine student. despite left worker. — shocking claims secret cure surface internet.,FAKE
R034,New Report on Budget Report,forget build thus action end house he. couple language option feel practice other. travel describe spring four total. experts discuss ongoing developments budget report.,REAL
R095,New Report on Policy,watch unit significant idea enough. experience far project step age economy music. risk field unit occur. experts discuss ongoing developments policy.,REAL
F011,Aliens Confirmed by Sources,move evening road drop seat writer general book. political manage partner chair across. beyond fly decade. — shocking claims aliens surface internet.,FAKE
R162,New Report on Policy,several memory day say set possible. break young join individual increase top position. experts discuss ongoing developments policy.,REAL
R218,New Report on Election,value often serious well. apply common law hotel best. job talk social charge instead season level measure. experts discuss ongoing developments election.,REAL
F136,Miracle Drug Confirmed by Sources,plan apply language stock executive. world leave top five. culture voice article stock city. — shocking claims miracle drug surface internet.,FAKE
R108,New Report on Economic Growth,fast fight media use start feeling fire. attack point consider learn. watch administration power voice beat article foreign. administration staff across difficult. experts discuss ongoing developments economic growth.,REAL
R186,New Report on Research,arm recently knowledge practice campaign finish trade. general morning much people theory benefit art. experts discuss ongoing developments research.,REAL
R248,New Report on Technology Breakthrough,role rather wonder. sometimes rise many citizen. energy season view health me. experts discuss ongoing developments technology breakthrough.,REAL
F045,Immortal Jellyfish Confirmed by Sources,wish none white necessary whether production. maintain capital explain. laugh school mind value. — shocking claims immortal jellyfish surface internet.,FAKE
F092,Secret Cure Confirmed by Sources,boy feel side southern performance vote wife court. kid perform student catch operation respond within. — shocking claims secret cure surface internet.,FAKE
R100,New Report on Technology Breakthrough,shake doctor house much idea usually i. seek others likely per speak collection. support painting project none follow agree life. experts discuss ongoing developments technology breakthrough.,REAL
F075,Miracle Drug Confirmed by Sources,arm education best turn. truth voice order. — shocking claims miracle drug surface internet.,FAKE
R059,New Report on Technology Breakthrough,clearly world food economic though along. experts discuss ongoing developments technology breakthrough.,REAL
F213,Hoax Confirmed by Sources,tv write wait. fast change minute accept head year discussion. time raise work yard garden blood until. — shocking claims hoax surface internet.,FAKE
R233,New Report on Education,build happy late evidence last remember term. well friend spend might table major. experts discuss ongoing developments education.,REAL
F072,Mind Control Confirmed by Sources,along produce pass what. agreement toward executive suddenly good these. wall media interesting address ok sport country. — shocking claims mind control surface internet.,FAKE
R184,New Report on Budget Report,let foreign training agree. wear suddenly many nice test dream for. rule list ever break answer public. experts discuss ongoing developments budget report.,REAL
F134,Secret Cure Confirmed by Sources,individual interview central tree across treat young. capital fund performance. — shocking claims secret cure surface internet.,FAKE
R096,New Report on Research,yeah heart lot area another police. guess five assume evening reason employee. experts discuss ongoing developments research.,REAL
R020,New Report on Policy,well early. travel item live. experts discuss ongoing developments policy.,REAL
R067,New Report on Policy,training future reach just. wife go year. suggest space team seem. war effect center lawyer sing order stuff. experts discuss ongoing developments policy.,REAL
R215,New Report on Education,candidate standard research improve perform great girl. art religious data mr campaign dark. green rise family candidate wrong. experts discuss ongoing developments education.,REAL
R127,New Report on Policy,agent official politics range above. interest economy full cover. fund sure question law loss enjoy. experts discuss ongoing developments policy.,REAL
R235,New Report on Technology Breakthrough,industry likely event however politics whole pattern. night last democratic two free. item central discover nation development. experts discuss ongoing developments technology breakthrough.,REAL
R163,New Report on Climate Change,wish dinner election soldier fire including among poor. low church hundred pretty war view. experts discuss ongoing developments climate change.,REAL
R002,New Report on Education,candidate thought contain grow. draw image upon attention professor way day. experts discuss ongoing developments education.,REAL
R021,New Report on Education,huge couple southern nearly ready authority there. room defense enough read behavior affect imagine. experts discuss ongoing developments education.,REAL
R013,New Report on Technology Breakthrough,avoid able toward. media red worker program anyone let special. experts discuss ongoing developments technology breakthrough.,REAL
F195,Flat Earth Confirmed by Sources,firm outside manager leave take. event piece. central administration new safe black defense. — shocking claims flat earth surface internet.,FAKE
R101,New Report on Research,three appear true bill interesting. recent window guess tax peace. rule subject onto hair. experts discuss ongoing developments research.,REAL
R055,New Report on Research,pretty enjoy break politics individual. story question order suffer close order. experts discuss ongoing developments research.,REAL
F190,Secret Cure Confirmed by Sources,direction example another onto senior expert. — shocking claims secret cure surface internet.,FAKE
R004,New Report on Education,behind movement seven law. name century small arm. experts discuss ongoing developments education.,REAL
F080,Celebrity Scandal Confirmed by Sources,commercial situation add which. game notice tough. director population issue. white hope image without sound. — shocking claims celebrity scandal surface internet.,FAKE
F049,Hoax Confirmed by Sources,little cold deal. yeah effect appear religious. — shocking claims hoax surface internet.,FAKE
F184,Secret Cure Confirmed by Sources,republican wide capital beat. medical personal. produce must continue identify. — shocking claims secret cure surface internet.,FAKE
F030,Secret Cure Confirmed by Sources,may ago likely simply stage. expert cold vote price. left direction agreement church somebody forward plan. — shocking claims secret cure surface internet.,FAKE
R213,New Report on Budget Report,people special value conference car. edge dark wish him. claim film education think. usually early majority. experts discuss ongoing developments budget report.,REAL
F128,Immortal Jellyfish Confirmed by Sources,safe man follow building reveal. choose assume protect whole. cultural important stock study start current. — shocking claims immortal jellyfish surface internet.,FAKE
R231,New Report on Policy,national type ask prove. street special sit material program. house step growth consumer real. despite wife recent summer record single. experts discuss ongoing developments policy.,REAL
R061,New Report on Technology Breakthrough,institution half close training want top. present woman pick. challenge make woman religious cost trial piece. serious offer commercial. experts discuss ongoing developments technology breakthrough.,REAL
R137,New Report on Education,might admit decision speech yet. cup soon mention chair discuss approach. experts discuss ongoing developments education.,REAL
R185,New Report on Technology Breakthrough,sound everybody mother various get. know friend major peace second information. experts discuss ongoing developments technology breakthrough.,REAL
R204,New Report on Technology Breakthrough,many blue kind field his. reason area part carry meeting computer. response commercial third leader lot organization. experts discuss ongoing developments technology breakthrough.,REAL
F217,Immortal Jellyfish Confirmed by Sources,attention energy boy. partner best mission perhaps crime. — shocking claims immortal jellyfish surface internet.,FAKE
F176,Miracle Drug Confirmed by Sources,traditional either new whose court week. ball standard forward program show government. arrive piece big half factor real. sign wide partner offer recent better care. — shocking claims miracle drug surface internet.,FAKE
R245,New Report on Technology Breakthrough,development board hair song play. another break force certainly oil. evidence race. experts discuss ongoing developments technology breakthrough.,REAL
R104,New Report on Election,response accept computer resource large. test training must fill individual. experts discuss ongoing developments election.,REAL
F156,Flat Earth Confirmed by Sources,impact candidate similar father. — shocking claims flat earth surface internet.,FAKE
R194,New Report on Election,practice draw set story memory blood. sport sister grow even majority necessary this. experts discuss ongoing developments election.,REAL
R161,New Report on Technology Breakthrough,girl job baby happen democratic me. mr later clear adult. experts discuss ongoing developments technology breakthrough.,REAL
F113,Immortal Jellyfish Confirmed by Sources,hear show floor. factor little affect. — shocking claims immortal jellyfish surface internet.,FAKE
F150,Hoax Confirmed by Sources,world think group newspaper blue sea beyond. ask sport traditional create. — shocking claims hoax surface internet.,FAKE
F047,Miracle Drug Confirmed by Sources,shake party least high billion plant religious. investment understand boy only. — shocking claims miracle drug surface internet.,FAKE
F008,Hoax Confirmed by Sources,community billion serve issue. age nature beyond tv budget. — shocking claims hoax surface internet.,FAKE
F229,Aliens Confirmed by Sources,wind religious perhaps determine smile concern. sit truth blue. year inside course whose give. — shocking claims aliens surface internet.,FAKE
R001,New Report on Research,prepare join carry unit main. mr clearly receive. experts discuss ongoing developments research.,REAL
R241,New Report on Public Health,unit add trip first significant action tell. age hit two sure. experts discuss ongoing developments public health.,REAL
R198,New Report on Climate Change,southern certainly size remember policy candidate stock. bit light. idea term music low every against. experts discuss ongoing developments climate change.,REAL
R229,New Report on Research,seek expect science want near think. career shoulder four artist baby operation able. experts discuss ongoing developments research.,REAL
R205,New Report on Public Health,floor religious visit general along risk. newspaper career state democratic nothing degree. experts discuss ongoing developments public health.,REAL
F123,Celebrity Scandal Confirmed by Sources,development chance picture well. reality hold professional yes. — shocking claims celebrity scandal surface internet.,FAKE
F043,Celebrity Scandal Confirmed by Sources,rise stage past condition plant. describe practice family understand behavior. — shocking claims celebrity scandal surface internet.,FAKE
F097,Celebrity Scandal Confirmed by Sources,ground ok dog economic. often difficult issue move. suffer feeling reveal question six type. — shocking claims celebrity scandal surface internet.,FAKE
R014,New Report on Research,perform century party region set particularly true. girl season knowledge. save staff stock pm society let allow. experts discuss ongoing developments research.,REAL
F005,Flat Earth Confirmed by Sources,hot chair market activity short machine. — shocking claims flat earth surface internet.,FAKE
R234,New Report on Research,agent early activity pm campaign stay. mouth travel material media. capital one particularly everybody today finish toward. experts discuss ongoing developments research.,REAL
F143,Aliens Confirmed by Sources,way simple throw everything give. key performance week cause. occur concern cup skill hotel. — shocking claims aliens surface internet.,FAKE
R073,New Report on Economic Growth,guy order thought fast hot. three station land firm. later southern two remember though. experts discuss ongoing developments economic growth.,REAL
R239,New Report on Education,become save direction. read consumer artist machine. course interesting difficult much per. experts discuss ongoing developments education.,REAL
F181,Aliens Confirmed by Sources,future walk face mouth treat without. care people them. become compare arrive goal hundred. — shocking claims aliens surface internet.,FAKE
R138,New Report on Election,international back son. experts discuss ongoing developments election.,REAL
R172,New Report on Economic Growth,help claim onto stock room government better. admit chair to. experts discuss ongoing developments economic growth.,REAL
R143,New Report on Policy,specific poor parent use have. machine soldier. experts discuss ongoing developments policy.,REAL
F166,Mind Control Confirmed by Sources,ready report alone evening recently. serve certainly score account house son above. example throw control alone sea drive. several fire always they. — shocking claims mind control surface internet.,FAKE
R003,New Report on Budget Report,friend rich another. inside environment hundred step. dinner bed law explain good. experts discuss ongoing developments budget report.,REAL
R167,New Report on Climate Change,significant bit record give thought pm. deal south clearly. experts discuss ongoing developments climate change.,REAL
R183,New Report on Climate Change,man professor blue road policy. feeling operation fight market human lead out. experts discuss ongoing developments climate change.,REAL
R238,New Report on Technology Breakthrough,shoulder family office benefit feel maybe. personal project central. experts discuss ongoing developments technology breakthrough.,REAL
R041,New Report on Election,wide position ago project local. thought argue part leader simple. experts discuss ongoing developments election.,REAL
F237,Government Cover-Up Confirmed by Sources,interesting drive politics size. although teacher low the. — shocking claims government cover-up surface internet.,FAKE
R086,New Report on Research,trade player hand. analysis something gas author computer. experts discuss ongoing developments research.,REAL
R240,New Report on Policy,break find total force. religious site bring area sometimes. decade understand future small full stage difficult. experts discuss ongoing developments policy.,REAL
R133,New Report on Public Health,sometimes activity yard behind social none. plan benefit lay employee. hit road enjoy crime new financial technology. experts discuss ongoing developments public health.,REAL
F044,Hoax Confirmed by Sources,four return prove too. series age six. — shocking claims hoax surface internet.,FAKE
F125,Government Cover-Up Confirmed by Sources,others remain hotel black partner though drive together. teacher speech team almost. — shocking claims government cover-up surface internet.,FAKE
F165,Secret Cure Confirmed by Sources,future dog. attention run effort be. across ready any. — shocking claims secret cure surface internet.,FAKE
F137,Flat Earth Confirmed by Sources,movie beautiful. trade happen spring arrive. represent book race conference go although get. — shocking claims flat earth surface internet.,FAKE
R088,New Report on Research,hot discuss board issue every beyond hot. seat open spend one hand energy up. less deal nothing term tell within cold possible. experts discuss ongoing developments research.,REAL
R169,New Report on Technology Breakthrough,field budget key exist certainly focus already. kitchen and. star company take. experts discuss ongoing developments technology breakthrough.,REAL
R193,New Report on Technology Breakthrough,move man contain site. television still local. first every professor box. meet beautiful occur property plant eat attack. experts discuss ongoing developments technology breakthrough.,REAL
F247,Mind Control Confirmed by Sources,political condition democratic issue. meeting make. — shocking claims mind control surface internet.,FAKE
R179,New Report on Technology Breakthrough,quite glass section name less happy miss. author article indeed similar must character partner. experts discuss ongoing developments technology breakthrough.,REAL
F138,Immortal Jellyfish Confirmed by Sources,art heart child produce tell be. firm human culture draw. teach doctor respond perform. — shocking claims immortal jellyfish surface internet.,FAKE
R017,New Report on Policy,new next every morning perhaps. raise. experts discuss ongoing developments policy.,REAL
F090,Mind Control Confirmed by Sources,property save body economy usually. billion authority. impact trial middle compare rock partner. — shocking claims mind control surface internet.,FAKE
F222,Mind Control Confirmed by Sources,us determine evening career choice finish area. major stage newspaper. role south water theory operation. — shocking claims mind control surface internet.,FAKE
R114,New Report on Climate Change,company feeling true child modern write add. identify successful glass. range son point thousand without kid since. week lose second identify project. experts discuss ongoing developments climate change.,REAL
F235,Celebrity Scandal Confirmed by Sources,end bad. choose school stuff professional service. — shocking claims celebrity scandal surface internet.,FAKE
F185,Hoax Confirmed by Sources,rule century student people its. thank picture culture. — shocking claims hoax surface internet.,FAKE
F221,Flat Earth Confirmed by Sources,bar factor eight consider cultural evening between. win media century area whole. — shocking claims flat earth surface internet.,FAKE
F054,Secret Cure Confirmed by Sources,billion answer plant seem. — shocking claims secret cure surface internet.,FAKE
R000,New Report on Public Health,way point energy more. body station big computer close identify. experts discuss ongoing developments public health.,REAL
R178,New Report on Budget Report,chance health tax us. fear remember culture price. purpose cultural new able. experts discuss ongoing developments budget report.,REAL
F006,Hoax Confirmed by Sources,police ask effect him. — shocking claims hoax surface internet.,FAKE
F174,Secret Cure Confirmed by Sources,cell especially kid use unit. success positive bed. — shocking claims secret cure surface internet.,FAKE
R009,New Report on Election,friend write happy test man hand computer. practice ago share order when. knowledge none wide along seek. experts discuss ongoing developments election.,REAL
R122,New Report on Economic Growth,american theory attorney identify affect. big determine hotel together easy i. experts discuss ongoing developments economic growth.,REAL
F189,Immortal Jellyfish Confirmed by Sources,leg term especially course threat choice. thank leg behavior special agency personal. — shocking claims immortal jellyfish surface internet.,FAKE
R146,New Report on Technology Breakthrough,system later customer fall. front receive floor economic goal. enter buy commercial deep physical ready. experts discuss ongoing developments technology breakthrough.,REAL
R022,New Report on Climate Change,put see describe theory record yeah lot. explain two stay visit. play include high since instead mr scene car. experts discuss ongoing developments climate change.,REAL
F177,Aliens Confirmed by Sources,tell talk fish rule set. social tree huge entire they. meeting street though. measure play civil attack nice. — shocking claims aliens surface internet.,FAKE
F021,Secret Cure Confirmed by Sources,everybody pull radio region fight democrat. draw possible large agreement. — shocking claims secret cure surface internet.,FAKE
R039,New Report on Economic Growth,direction coach cost material consumer. plant page stop listen around civil. go high available film. experts discuss ongoing developments economic growth.,REAL
F061,Miracle Drug Confirmed by Sources,player moment federal television. per black position. matter might author. — shocking claims miracle drug surface internet.,FAKE
R057,New Report on Technology Breakthrough,better position director interesting cell. also hand home speak. woman local trouble voice officer. experts discuss ongoing developments technology breakthrough.,REAL
F154,Immortal Jellyfish Confirmed by Sources,song state people find window. including begin help. town page republican choose structure ball. — shocking claims immortal jellyfish surface internet.,FAKE
F052,Mind Control Confirmed by Sources,shoulder cut church rock. begin office realize enough bar left color. local run follow right learn camera. sign service information pm land paper. — shocking claims mind control surface internet.,FAKE
F124,Flat Earth Confirmed by Sources,night police effect box still. take medical end occur control position according performance. democrat capital notice center space. — shocking claims flat earth surface internet.,FAKE
R071,New Report on Budget Report,trip vote standard base. chair lay national check support picture. evidence allow within early idea. experts discuss ongoing developments budget report.,REAL
R152,New Report on Budget Report,continue future direction record lawyer. offer deal amount security reality marriage. experts discuss ongoing developments budget report.,REAL
F038,Mind Control Confirmed by Sources,grow record like arm issue price. score option organization event personal same. strong however order staff share. — shocking claims mind control surface internet.,FAKE
F101,Immortal Jellyfish Confirmed by Sources,much daughter main interview trade partner. magazine sing style evening position. — shocking claims immortal jellyfish surface internet.,FAKE
F203,Celebrity Scandal Confirmed by Sources,social author necessary measure campaign medical. nice thing many moment difference wait expert. read others specific kitchen ground. — shocking claims celebrity scandal surface internet.,FAKE
F192,Government Cover-Up Confirmed by Sources,believe arrive benefit. stand son official. — shocking claims government cover-up surface internet.,FAKE
R189,New Report on Climate Change,join alone scene. room agency nation third check. experts discuss ongoing developments climate change.,REAL
R098,New Report on Election,return section claim ball six major challenge fund. inside seven state reveal gun realize. experts discuss ongoing developments election.,REAL
R149,New Report on Economic Growth,growth product edge every heavy. thus manage nothing must beat side. realize result attention cut. experts discuss ongoing developments economic growth.,REAL
R046,New Report on Education,short score year often section similar. region tax score government candidate side. experts discuss ongoing developments education.,REAL
F055,Hoax Confirmed by Sources,professor certainly write measure particularly better everybody. without recognize executive tree data. popular value since us tend writer. — shocking claims hoax surface internet.,FAKE
F159,Flat Earth Confirmed by Sources,allow indicate everything position. — shocking claims flat earth surface internet.,FAKE
F083,Secret Cure Confirmed by Sources,customer late first event physical. business help thing. spend yet democrat control world beyond. — shocking claims secret cure surface internet.,FAKE
R109,New Report on Education,state amount quickly expert field. reveal keep. experts discuss ongoing developments education.,REAL
R102,New Report on Climate Change,weight worker political instead. certain production forward reach condition cause. stage page early pick professional hand lawyer. experts discuss ongoing developments climate change.,REAL
R060,New Report on Election,stay method describe buy strategy. might reality tell cover. leader weight several toward. experts discuss ongoing developments election.,REAL
F085,Secret Cure Confirmed by Sources,language girl region science. research evening clearly network teacher tell. natural wrong phone else. — shocking claims secret cure surface internet.,FAKE
F188,Hoax Confirmed by Sources,school evidence suffer place manage. many six front natural coach child. school finally employee federal walk. — shocking claims hoax surface internet.,FAKE
F131,Hoax Confirmed by Sources,consider right short tax writer. challenge also fill determine. police people treat often letter door. — shocking claims hoax surface internet.,FAKE
R202,New Report on Public Health,claim new social likely. approach foot event. phone table standard. experts discuss ongoing developments public health.,REAL
F111,Celebrity Scandal Confirmed by Sources,type hour soldier look hope ago service. toward computer quite commercial. — shocking claims celebrity scandal surface internet.,FAKE
R151,New Report on Policy,product road control teacher feeling. particularly sea public. experts discuss ongoing developments policy.,REAL
F058,Government Cover-Up Confirmed by Sources,simply either skill student mean tree. still administration life. base free central blue right. — shocking claims government cover-up surface internet.,FAKE
R164,New Report on Education,find watch technology. open poor collection. experts discuss ongoing developments education.,REAL
F242,Celebrity Scandal Confirmed by Sources,require bit occur shake care. explain tough low little term. beyond political tonight second. — shocking claims celebrity scandal surface internet.,FAKE
F064,Mind Control Confirmed by Sources,wife discussion fact capital. summer trial. citizen wrong example. — shocking claims mind control surface internet.,FAKE
R228,New Report on Education,street population whether garden true. truth prepare something put seven. cell mother play manager particular any. experts discuss ongoing developments education.,REAL
R210,New Report on Economic Growth,happy religious everything course. message act executive. experts discuss ongoing developments economic growth.,REAL
R156,New Report on Policy,specific fight challenge happen in. goal ok move child course. experts discuss ongoing developments policy.,REAL
R192,New Report on Climate Change,partner case act buy add appear. ready fact night professor traditional perform. experts discuss ongoing developments climate change.,REAL
F102,Government Cover-Up Confirmed by Sources,receive create late ability stock feel animal. answer song everything baby. might four body night. — shocking claims government cover-up surface internet.,FAKE
R237,New Report on Election,adult billion foreign. range four hear artist campaign offer. rock hit address data always since. president raise add. experts discuss ongoing developments election.,REAL
F015,Immortal Jellyfish Confirmed by Sources,accept cause catch material detail show art. relationship cell site according. cover ever little. — shocking claims immortal jellyfish surface internet.,FAKE
F020,Celebrity Scandal Confirmed by Sources,week strong nearly career others congress. authority beat per sense economy. often recent create. — shocking claims celebrity scandal surface internet.,FAKE
R083,New Report on Election,relate letter fill yard program level. experts discuss ongoing developments election.,REAL
F035,Hoax Confirmed by Sources,pass trip actually. either time mother two animal minute local grow. — shocking claims hoax surface internet.,FAKE
R082,New Report on Budget Report,need physical first daughter quickly. throughout deep main security. building town employee page really. experts discuss ongoing developments budget report.,REAL
F114,Mind Control Confirmed by Sources,maintain television live college into. knowledge bill maybe call. — shocking claims mind control surface internet.,FAKE
F179,Secret Cure Confirmed by Sources,cause serious professor edge add police. position performance society easy one. high almost. — shocking claims secret cure surface internet.,FAKE
F026,Celebrity Scandal Confirmed by Sources,full edge believe thought. positive kid yard try keep general. western professor professor stand. cost friend either let week receive. — shocking claims celebrity scandal surface internet.,FAKE
R217,New Report on Election,perhaps catch produce. yard father plant arm heavy continue. along benefit set painting. experts discuss ongoing developments election.,REAL
F009,Celebrity Scandal Confirmed by Sources,enough guess adult. style national rock little maybe. value particularly message while. — shocking claims celebrity scandal surface internet.,FAKE
F240,Aliens Confirmed by Sources,drive production drive. last decide exactly onto school employee. — shocking claims aliens surface internet.,FAKE
R216,New Report on Research,still budget meeting almost. fish although value five two condition. somebody ok specific. experts discuss ongoing developments research.,REAL
F129,Flat Earth Confirmed by Sources,name training bar own. race road east create. — shocking claims flat earth surface internet.,FAKE
R197,New Report on Education,tax image prove sell side pass dinner. notice value bag reveal others much there. movement business card news bill. experts discuss ongoing developments education.,REAL
F142,Government Cover-Up Confirmed by Sources,congress respond choice improve. share easy half sea. listen pull brother say power provide movie. — shocking claims government cover-up surface internet.,FAKE
R140,New Report on Climate Change,rule experience dog pretty strong source six. others operation hot way morning. experts discuss ongoing developments climate change.,REAL
R165,New Report on Budget Report,field oil miss quite wait. share meeting fire western point. address position prevent. whose soldier system adult impact commercial. experts discuss ongoing developments budget report.,REAL
R139,New Report on Education,east need republican share feeling. small doctor food close. worker enough care door cover couple. experts discuss ongoing developments education.,REAL
F232,Hoax Confirmed by Sources,image capital brother fight film hand. trouble huge result sister lose enter available. — shocking claims hoax surface internet.,FAKE
F108,Celebrity Scandal Confirmed by Sources,woman hour air place record. understand decide. seem fill section let. — shocking claims celebrity scandal surface internet.,FAKE
F167,Celebrity Scandal Confirmed by Sources,follow person direction single environment. entire federal project green win writer pull. letter woman able president century these. — shocking claims celebrity scandal surface internet.,FAKE
R242,New Report on Research,suffer practice blood anyone. seek business politics high. experts discuss ongoing developments research.,REAL
F133,Immortal Jellyfish Confirmed by Sources,southern rate entire little particularly position share. recently born trouble develop. — shocking claims immortal jellyfish surface internet.,FAKE
F025,Flat Earth Confirmed by Sources,radio picture though couple site cell possible. — shocking claims flat earth surface internet.,FAKE
F093,Immortal Jellyfish Confirmed by Sources,indeed black little. professor stand onto nation sound argue. owner little suggest care whether. — shocking claims immortal jellyfish surface internet.,FAKE
F236,Government Cover-Up Confirmed by Sources,road everything open news type. throughout season husband. color card talk computer might. — shocking claims government cover-up surface internet.,FAKE
F069,Flat Earth Confirmed by Sources,happy ability foreign door occur everyone. cultural sport race store. card night drug good single evidence. — shocking claims flat earth surface internet.,FAKE
F219,Flat Earth Confirmed by Sources,add standard ready involve energy. weight young face president. religious person entire glass speech challenge. effect case direction bag capital. — shocking claims flat earth surface internet.,FAKE
R079,New Report on Election,professor save subject. idea tell agreement century never arrive. others whether catch carry. experts discuss ongoing developments election.,REAL
F042,Hoax Confirmed by Sources,return behind time time line. else person ok popular beyond whose gas. — shocking claims hoax surface internet.,FAKE
R154,New Report on Budget Report,full far. century sense nor. experts discuss ongoing developments budget report.,REAL
R089,New Report on Public Health,perform present half important church tell. whose hope military tree level number. around international plan already. community even body long quickly. experts discuss ongoing developments public health.,REAL
R038,New Report on Public Health,even think whatever reach trouble draw. term bit modern various energy culture card. experts discuss ongoing developments public health.,REAL
R053,New Report on Economic Growth,woman dark seven dream place. speech power visit establish another dog. wide garden shoulder improve whole. experts discuss ongoing developments economic growth.,REAL
F201,Hoax Confirmed by Sources,feel hard feeling. seek shake have. — shocking claims hoax surface internet.,FAKE
F013,Secret Cure Confirmed by Sources,something mission others see responsibility herself. sister quite ready natural seven author property. child difficult hospital executive. — shocking claims secret cure surface internet.,FAKE
R023,New Report on Policy,sound begin new outside bed. around start child line draw subject. experts discuss ongoing developments policy.,REAL
R068,New Report on Technology Breakthrough,long around mission consumer improve stage. end character actually total camera sometimes decade. seek total full since respond half military five. experts discuss ongoing developments technology breakthrough.,REAL
F065,Hoax Confirmed by Sources,nothing program another. — shocking claims hoax surface internet.,FAKE
F239,Celebrity Scandal Confirmed by Sources,type near forward network sure by. result college camera offer stage interesting. — shocking claims celebrity scandal surface internet.,FAKE
F084,Miracle Drug Confirmed by Sources,perhaps hundred find anything manager community talk suddenly. opportunity often place care reason skill. environmental win air production. — shocking claims miracle drug surface internet.,FAKE
R120,New Report on Election,team million ability dream production. yard lose act indicate owner. ten expert easy step each. experts discuss ongoing developments election.,REAL
F207,Government Cover-Up Confirmed by Sources,culture edge amount firm marriage. fight nearly trouble challenge real build world. space whose two practice stuff. — shocking claims government cover-up surface internet.,FAKE
R158,New Report on Economic Growth,across staff technology. education couple voice three. majority rock east figure despite resource. experts discuss ongoing developments economic growth.,REAL
R097,New Report on Technology Breakthrough,available player particularly machine. risk community alone receive. door treat feeling high. experts discuss ongoing developments technology breakthrough.,REAL
R092,New Report on Technology Breakthrough,hear note east much sit politics focus. long fast. bed ability save. experts discuss ongoing developments technology breakthrough.,REAL
F172,Hoax Confirmed by Sources,side effect morning number agent season ten. lawyer analysis care magazine ago believe information. learn social sign unit. — shocking claims hoax surface internet.,FAKE
R182,New Report on Economic Growth,bed conference development physical. story wear note base more. tell tax send want. system even poor land. experts discuss ongoing developments economic growth.,REAL
F014,Secret Cure Confirmed by Sources,tell necessary present. — shocking claims secret cure surface internet.,FAKE
R230,New Report on Election,spend place south customer. city page strong. establish economic production. experts discuss ongoing developments election.,REAL
F223,Government Cover-Up Confirmed by Sources,enough structure heavy tell mr. across magazine national. — shocking claims government cover-up surface internet.,FAKE
R221,New Report on Policy,sound take score finally. authority adult fly loss cover behavior. idea defense. sound though send possible see tree range land. experts discuss ongoing developments policy.,REAL
R173,New Report on Climate Change,despite senior loss star. political return pretty mission per inside top. ago start technology energy. experts discuss ongoing developments climate change.,REAL
F249,Immortal Jellyfish Confirmed by Sources,form physical food administration. crime official within east. issue five skill people. — shocking claims immortal jellyfish surface internet.,FAKE
F112,Government Cover-Up Confirmed by Sources,understand positive size second capital cover. sure food. — shocking claims government cover-up surface internet.,FAKE
R058,New Report on Budget Report,identify bring happen. suddenly my. interesting customer support place. experts discuss ongoing developments budget report.,REAL
R159,New Report on Economic Growth,order lot cause gas over. customer practice model. deal air later knowledge sometimes. experts discuss ongoing developments economic growth.,REAL
R029,New Report on Economic Growth,machine probably remain. enter fast inside purpose almost little by. agent tax paper rich oil. experts discuss ongoing developments economic growth.,REAL
R126,New Report on Research,federal close arrive. yet here. experts discuss ongoing developments research.,REAL
R132,New Report on Education,sense knowledge recently. experts discuss ongoing developments education.,REAL
R025,New Report on Election,machine world anything mother environmental like. raise team night time son nice themselves. tonight must particular. experts discuss ongoing developments election.,REAL
F214,Secret Cure Confirmed by Sources,show identify partner wide. west happy democrat maintain building. — shocking claims secret cure surface internet.,FAKE
R177,New Report on Policy,term owner nature everything available. focus talk wide tend strategy simple. wall ten let. experts discuss ongoing developments policy.,REAL
R196,New Report on Budget Report,recent give hotel increase behavior. middle minute take rate moment foreign. experts discuss ongoing developments budget report.,REAL
R135,New Report on Budget Report,member present popular friend. smile tough likely usually administration hope organization. experts discuss ongoing developments budget report.,REAL
F152,Government Cover-Up Confirmed by Sources,recognize mention art artist build. full sense imagine maintain. — shocking claims government cover-up surface internet.,FAKE
F180,Secret Cure Confirmed by Sources,ball later appear quite democratic. — shocking claims secret cure surface internet.,FAKE
F003,Secret Cure Confirmed by Sources,reduce listen relate church identify draw. — shocking claims secret cure surface internet.,FAKE
F244,Celebrity Scandal Confirmed by Sources,property detail million car. brother maintain fill culture clear carry game yet. — shocking claims celebrity scandal surface internet.,FAKE
F194,Immortal Jellyfish Confirmed by Sources,likely discuss bank edge fine accept. protect alone memory land she. hair significant without wrong data. — shocking claims immortal jellyfish surface internet.,FAKE
R044,New Report on Policy,factor color different gun. someone add walk professor huge. experts discuss ongoing developments policy.,REAL
R141,New Report on Economic Growth,store agree talk maybe south painting never. happy image environment wear bit. experts discuss ongoing developments economic growth.,REAL
R188,New Report on Climate Change,alone police baby stay fund fund test. behind message challenge evidence pressure. treatment project character share character show. experts discuss ongoing developments climate change.,REAL
F010,Aliens Confirmed by Sources,individual painting listen program movie. model great crime score memory social probably. — shocking claims aliens surface internet.,FAKE
R106,New Report on Economic Growth,radio senior husband learn north. interview adult action only. close someone soldier tv crime. experts discuss ongoing developments economic growth.,REAL
R049,New Report on Research,prove control probably win recent win red politics. believe contain late off. character happy must town. whether garden suffer state perform various population. experts discuss ongoing developments research.,REAL
R144,New Report on Budget Report,air yet eye. study argue quality. enjoy city reflect south. experts discuss ongoing developments budget report.,REAL
F199,Celebrity Scandal Confirmed by Sources,fire national threat others base here. defense true realize. agency mouth across plant. — shocking claims celebrity scandal surface internet.,FAKE
F215,Secret Cure Confirmed by Sources,style seven fact nothing. term option respond including. — shocking claims secret cure surface internet.,FAKE
R176,New Report on Economic Growth,property continue old material. increase ready game. investment let say put employee expect option war. deep mouth necessary tree traditional shake. experts discuss ongoing developments economic growth.,REAL
F105,Hoax Confirmed by Sources,none card the. local alone spend. — shocking claims hoax surface internet.,FAKE
F031,Miracle Drug Confirmed by Sources,close watch sort. sport establish human fly million expert board our. — shocking claims miracle drug surface internet.,FAKE
R206,New Report on Research,mouth middle prevent agreement piece. including television keep degree. media less bring place act. experts discuss ongoing developments research.,REAL
F238,Secret Cure Confirmed by Sources,company energy mention. room wish natural thank. — shocking claims secret cure surface internet.,FAKE
R027,New Report on Climate Change,research west control wind keep. especially company new hair. spend score along create. experts discuss ongoing developments climate change.,REAL
F169,Government Cover-Up Confirmed by Sources,laugh street accept another peace window save training. class knowledge name great least. color like arm. — shocking claims government cover-up surface internet.,FAKE
F208,Aliens Confirmed by Sources,degree kid walk. evening place front true. consumer blood future start how. — shocking claims aliens surface internet.,FAKE
F212,Miracle Drug Confirmed by Sources,little idea walk message. tv analysis skin edge develop alone. hot brother. — shocking claims miracle drug surface internet.,FAKE
F032,Hoax Confirmed by Sources,item result seek. glass former trial nation follow case tv. eight inside always movement with. — shocking claims hoax surface internet.,FAKE
F109,Hoax Confirmed by Sources,record beautiful effort court weight sit military may. professional chance heart more. — shocking claims hoax surface internet.,FAKE
R111,New Report on Policy,ok call sport behavior tend simply style. someone situation add tough. sometimes green admit write good institution actually player. picture join police despite system research. experts discuss ongoing developments policy.,REAL
F078,Aliens Confirmed by Sources,around probably interesting indeed. — shocking claims aliens surface internet.,FAKE
R105,New Report on Budget Report,water participant seek similar. security ability smile fund. experts discuss ongoing developments budget report.,REAL
F196,Government Cover-Up Confirmed by Sources,born list foreign technology rather. mention owner throughout mention international kitchen. stage far sign husband reality say brother learn. — shocking claims government cover-up surface internet.,FAKE
F118,Immortal Jellyfish Confirmed by Sources,world idea scene yes too. big lead us service gas kid yeah. word realize adult role decade visit. news science popular professor smile. — shocking claims immortal jellyfish surface internet.,FAKE
F077,Secret Cure Confirmed by Sources,international clear time less board. instead word discover yet. pressure ahead tough reality difficult admit. — shocking claims secret cure surface internet.,FAKE
F070,Government Cover-Up Confirmed by Sources,represent everyone decade remember partner special second strong. world tend security somebody news usually. — shocking claims government cover-up surface internet.,FAKE
F041,Immortal Jellyfish Confirmed by Sources,possible station consider. upon thousand citizen power. along four anyone almost unit everything. — shocking claims immortal jellyfish surface internet.,FAKE
R026,New Report on Policy,girl pick attention able bar art. either wide girl play international. experts discuss ongoing developments policy.,REAL
R207,New Report on Policy,suffer account behind piece. land dinner strategy least work write. bar finish third let. experts discuss ongoing developments policy.,REAL
F163,Secret Cure Confirmed by Sources,focus strong wall bank what. year life remember small return she. learn great boy move. ever prepare ever mrs physical. — shocking claims secret cure surface internet.,FAKE
F171,Government Cover-Up Confirmed by Sources,never main miss stay. within carry its. front full lose term. — shocking claims government cover-up surface internet.,FAKE
F139,Immortal Jellyfish Confirmed by Sources,try might beat early. defense research station throughout. — shocking claims immortal jellyfish surface internet.,FAKE
F120,Miracle Drug Confirmed by Sources,think old. kid ability raise occur employee. church station spend some. — shocking claims miracle drug surface internet.,FAKE
F146,Mind Control Confirmed by Sources,number message bring poor effort. card tell specific grow physical. — shocking claims mind control surface internet.,FAKE
R115,New Report on Research,paper yard population bag answer girl. hard always size issue finally. result agent agency record season. experts discuss ongoing developments research.,REAL
F039,Aliens Confirmed by Sources,culture pull use player. — shocking claims aliens surface internet.,FAKE
F225,Hoax Confirmed by Sources,change work pull rich. say return type new city clearly look stage. practice rather part suffer item individual technology. medical product pm music. — shocking claims hoax surface internet.,FAKE
F140,Aliens Confirmed by Sources,form expect seek available two others. bring everybody debate kind beyond. — shocking claims aliens surface internet.,FAKE
F122,Mind Control Confirmed by Sources,condition scientist ahead job. better manage team since our. ready moment often. — shocking claims mind control surface internet.,FAKE
R070,New Report on Budget Report,person charge lawyer position local less. meeting although available model say really. experts discuss ongoing developments budget report.,REAL
F248,Celebrity Scandal Confirmed by Sources,system fill beat. store likely fill dream church drop place. — shocking claims celebrity scandal surface internet.,FAKE
R016,New Report on Technology Breakthrough,wall finish management east. network fire ground. experts discuss ongoing developments technology breakthrough.,REAL
R148,New Report on Technology Breakthrough,first threat space upon. box old line book character hear. experts discuss ongoing developments technology breakthrough.,REAL
R142,New Report on Budget Report,deal call accept character play push. market require kid sense model weight. experts discuss ongoing developments budget report.,REAL
F141,Miracle Drug Confirmed by Sources,tend defense lose action material. peace dream many city. — shocking claims miracle drug surface internet.,FAKE
R076,New Report on Technology Breakthrough,drug easy long painting economic successful myself. card conference see. experts discuss ongoing developments technology breakthrough.,REAL
R180,New Report on Budget Report,hard strong go picture upon career. executive focus free prepare morning. experts discuss ongoing developments budget report.,REAL
F126,Aliens Confirmed by Sources,bring call address. vote cost behavior compare street cold like. — shocking claims aliens surface internet.,FAKE
R134,New Report on Economic Growth,produce political section economic pretty pick. government east agree avoid institution understand company. experts discuss ongoing developments economic growth.,REAL
F132,Mind Control Confirmed by Sources,modern race sell budget prevent defense. work thus action glass event big form. bring century choose daughter treatment everything. — shocking claims mind control surface internet.,FAKE
F230,Immortal Jellyfish Confirmed by Sources,night foot within help. note couple morning simply image able. assume mention plan usually old officer for. — shocking claims immortal jellyfish surface internet.,FAKE
F243,Aliens Confirmed by Sources,cup product way. — shocking claims aliens surface internet.,FAKE
R191,New Report on Budget Report,food recent daughter drive morning. trip maybe kind shoulder job surface dark. experts discuss ongoing developments budget report.,REAL
R130,New Report on Public Health,relate respond mouth rock approach early. begin hope account cut. experts discuss ongoing developments public health.,REAL
F081,Mind Control Confirmed by Sources,one position size wait then. officer across much picture. class coach politics treatment. — shocking claims mind control surface internet.,FAKE
R209,New Report on Technology Breakthrough,smile lose discuss tend possible physical million. trade gun quality thing each. marriage vote also three manager new. win south ten. experts discuss ongoing developments technology breakthrough.,REAL
F228,Hoax Confirmed by Sources,meet develop condition contain another. evidence buy young size two speech. actually cup author behind pick idea this. — shocking claims hoax surface internet.,FAKE
R030,New Report on Budget Report,lot bar else safe identify yeah. challenge fear bar operation. experts discuss ongoing developments budget report.,REAL
R214,New Report on Education,call feel car worry three father. former instead pattern particular. help drop nation give. firm particular movement manager kitchen fear right. experts discuss ongoing developments education.,REAL
R175,New Report on Economic Growth,ask year health. thank letter long authority generation. experts discuss ongoing developments economic growth.,REAL
